first_name,last_name,name,party,birth_date,residence,title,nationality,region,email,website,image,source,id,term
Peter,Osuský,Peter Osuský,Sloboda a Solidarita,1953-10-11,Bratislava,"MUDr., CSc.",slovenská,Bratislavský,peter_osusky@nrsr.sk,"",http://www.nrsr.sk/web/dynamic/PoslanecPhoto.aspx?PoslanecID=100&ImageWidth=140,http://www.nrsr.sk/web/Default.aspx?sid=poslanci/poslanec&PoslanecID=100&CisObdobia=7,100,7
Jaroslav,Paška,Jaroslav Paška,Slovenská národná strana,1954-06-20,Marianka,akad. arch. Ing. arch.,slovenská,"",jaroslav_paska@nrsr.sk,"",http://www.nrsr.sk/web/dynamic/PoslanecPhoto.aspx?PoslanecID=103&ImageWidth=140,http://www.nrsr.sk/web/Default.aspx?sid=poslanci/poslanec&PoslanecID=103&CisObdobia=7,103,7
František,Šebej,František Šebej,MOST-HÍD,1947-05-11,Bratislava,"PhDr., CSc.",slovenská,Bratislavský,frantisek_sebej@nrsr.sk,"",http://www.nrsr.sk/web/dynamic/PoslanecPhoto.aspx?PoslanecID=127&ImageWidth=140,http://www.nrsr.sk/web/Default.aspx?sid=poslanci/poslanec&PoslanecID=127&CisObdobia=7,127,7
Štefan,Zelník,Štefan Zelník,Slovenská národná strana,1954-12-22,Žilina,MUDr.,slovenská,Žilinský,stefan_zelnik@nrsr.sk,"",http://www.nrsr.sk/web/dynamic/PoslanecPhoto.aspx?PoslanecID=149&ImageWidth=140,http://www.nrsr.sk/web/Default.aspx?sid=poslanci/poslanec&PoslanecID=149&CisObdobia=7,149,7
Peter,Chudík,Peter Chudík,SMER – sociálna demokracia,1961-02-18,Záborské,MUDr.,slovenská,Prešovský,peter_chudik@nrsr.sk,"",http://www.nrsr.sk/web/dynamic/PoslanecPhoto.aspx?PoslanecID=219&ImageWidth=140,http://www.nrsr.sk/web/Default.aspx?sid=poslanci/poslanec&PoslanecID=219&CisObdobia=7,219,7
Ján,Budaj,Ján Budaj,OBYČAJNÍ ĽUDIA a nezávislé osobnosti (OĽANO-NOVA),1952-02-10,Bratislava,"",slovenská,Bratislavský,jan_budaj@nrsr.sk,"",http://www.nrsr.sk/web/dynamic/PoslanecPhoto.aspx?PoslanecID=22&ImageWidth=140,http://www.nrsr.sk/web/Default.aspx?sid=poslanci/poslanec&PoslanecID=22&CisObdobia=7,22,7
Eva,Antošová,Eva Antošová,Slovenská národná strana,1964-12-19,Nitra,Ing.,slovenská,Nitriansky,eva_antosova@nrsr.sk,"",http://www.nrsr.sk/web/dynamic/PoslanecPhoto.aspx?PoslanecID=229&ImageWidth=140,http://www.nrsr.sk/web/Default.aspx?sid=poslanci/poslanec&PoslanecID=229&CisObdobia=7,229,7
Béla,Bugár,Béla Bugár,MOST-HÍD,1958-07-07,Šamorín,Ing.,maďarská,Trnavský,bela_bugar@nrsr.sk,"",http://www.nrsr.sk/web/dynamic/PoslanecPhoto.aspx?PoslanecID=23&ImageWidth=140,http://www.nrsr.sk/web/Default.aspx?sid=poslanci/poslanec&PoslanecID=23&CisObdobia=7,23,7
Tibor,Bastrnák,Tibor Bastrnák,MOST-HÍD,1964-11-17,Komárno,MUDr.,maďarská,Nitriansky,tibor_bastrnak@nrsr.sk,"",http://www.nrsr.sk/web/dynamic/PoslanecPhoto.aspx?PoslanecID=232&ImageWidth=140,http://www.nrsr.sk/web/Default.aspx?sid=poslanci/poslanec&PoslanecID=232&CisObdobia=7,232,7
Jaroslav,Baška,Jaroslav Baška,SMER – sociálna demokracia,1975-04-05,Dohňany,Ing.,slovenská,Trenčiansky,jaroslav_baska@nrsr.sk,"",http://www.nrsr.sk/web/dynamic/PoslanecPhoto.aspx?PoslanecID=233&ImageWidth=140,http://www.nrsr.sk/web/Default.aspx?sid=poslanci/poslanec&PoslanecID=233&CisObdobia=7,233,7
Juraj,Blanár,Juraj Blanár,SMER – sociálna demokracia,1966-05-19,Žilina,Ing.,slovenská,Žilinský,juraj_blanar@nrsr.sk,"",http://www.nrsr.sk/web/dynamic/PoslanecPhoto.aspx?PoslanecID=238&ImageWidth=140,http://www.nrsr.sk/web/Default.aspx?sid=poslanci/poslanec&PoslanecID=238&CisObdobia=7,238,7
Jozef,Buček,Jozef Buček,SMER – sociálna demokracia,1960-05-06,Košice,Mgr.,slovenská,Košický,jozef_bucek@nrsr.sk,"",http://www.nrsr.sk/web/dynamic/PoslanecPhoto.aspx?PoslanecID=242&ImageWidth=140,http://www.nrsr.sk/web/Default.aspx?sid=poslanci/poslanec&PoslanecID=242&CisObdobia=7,242,7
Jozef,Burian,Jozef Burian,SMER – sociálna demokracia,1961-09-21,Košice,Ing.,slovenská,Košický,jozef_burian@nrsr.sk,"",http://www.nrsr.sk/web/dynamic/PoslanecPhoto.aspx?PoslanecID=243&ImageWidth=140,http://www.nrsr.sk/web/Default.aspx?sid=poslanci/poslanec&PoslanecID=243&CisObdobia=7,243,7
Dušan,Čaplovič,Dušan Čaplovič,SMER – sociálna demokracia,1946-09-18,Bratislava,"doc. PhDr., DrSc.",slovenská,Bratislavský,dusan_caplovic@nrsr.sk,"",http://www.nrsr.sk/web/dynamic/PoslanecPhoto.aspx?PoslanecID=244&ImageWidth=140,http://www.nrsr.sk/web/Default.aspx?sid=poslanci/poslanec&PoslanecID=244&CisObdobia=7,244,7
Miroslav,Číž,Miroslav Číž,SMER – sociálna demokracia,1954-02-11,Štiavnické Bane,JUDr.,slovenská,Banskobystrický,miroslav_ciz@nrsr.sk,"",http://www.nrsr.sk/web/dynamic/PoslanecPhoto.aspx?PoslanecID=246&ImageWidth=140,http://www.nrsr.sk/web/Default.aspx?sid=poslanci/poslanec&PoslanecID=246&CisObdobia=7,246,7
Gábor,Gál,Gábor Gál,MOST-HÍD,1974-11-22,Veľká Mača,Mgr.,maďarská,Trnavský,gabor_gal@nrsr.sk,"",http://www.nrsr.sk/web/dynamic/PoslanecPhoto.aspx?PoslanecID=258&ImageWidth=140,http://www.nrsr.sk/web/Default.aspx?sid=poslanci/poslanec&PoslanecID=258&CisObdobia=7,258,7
Maroš,Kondrót,Maroš Kondrót,SMER – sociálna demokracia,1960-11-06,Bratislava,Ing.,slovenská,Bratislavský,maros_kondrot@nrsr.sk,"",http://www.nrsr.sk/web/dynamic/PoslanecPhoto.aspx?PoslanecID=275&ImageWidth=140,http://www.nrsr.sk/web/Default.aspx?sid=poslanci/poslanec&PoslanecID=275&CisObdobia=7,275,7
Jana,Laššáková,Jana Laššáková,SMER – sociálna demokracia,1952-05-22,Vlkanová,JUDr.,slovenská,Banskobystrický,jana_lassakova@nrsr.sk,"",http://www.nrsr.sk/web/dynamic/PoslanecPhoto.aspx?PoslanecID=278&ImageWidth=140,http://www.nrsr.sk/web/Default.aspx?sid=poslanci/poslanec&PoslanecID=278&CisObdobia=7,278,7
Ľubomír,Vážny,Ľubomír Vážny,SMER – sociálna demokracia,1957-07-15,Banská Bystrica,Ing.,slovenská,Banskobystrický,lubomir_vazny@nrsr.sk,"",http://www.nrsr.sk/web/dynamic/PoslanecPhoto.aspx?PoslanecID=293&ImageWidth=140,http://www.nrsr.sk/web/Default.aspx?sid=poslanci/poslanec&PoslanecID=293&CisObdobia=7,293,7
Róbert,Madej,Róbert Madej,SMER – sociálna demokracia,1981-01-03,Bratislava,"JUDr., PhD.",slovenská,Bratislavský,robert_madej@nrsr.sk,"",http://www.nrsr.sk/web/dynamic/PoslanecPhoto.aspx?PoslanecID=310&ImageWidth=140,http://www.nrsr.sk/web/Default.aspx?sid=poslanci/poslanec&PoslanecID=310&CisObdobia=7,310,7
Dušan,Muňko,Dušan Muňko,SMER – sociálna demokracia,1944-09-24,Bratislava,Ing.,slovenská,Bratislavský,dusan_munko@nrsr.sk,"",http://www.nrsr.sk/web/dynamic/PoslanecPhoto.aspx?PoslanecID=322&ImageWidth=140,http://www.nrsr.sk/web/Default.aspx?sid=poslanci/poslanec&PoslanecID=322&CisObdobia=7,322,7
Vladimír,Faič,Vladimír Faič,SMER – sociálna demokracia,1948-07-15,Prašice,RSDr.,slovenská,Nitriansky,vladimir_faic@nrsr.sk,"",http://www.nrsr.sk/web/dynamic/PoslanecPhoto.aspx?PoslanecID=36&ImageWidth=140,http://www.nrsr.sk/web/Default.aspx?sid=poslanci/poslanec&PoslanecID=36&CisObdobia=7,36,7
Anton,Hrnko,Anton Hrnko,Slovenská národná strana,1955-01-31,Stupava,"PhDr., CSc.",slovenská,Bratislavský,anton_hrnko@nrsr.sk,"",http://www.nrsr.sk/web/dynamic/PoslanecPhoto.aspx?PoslanecID=382&ImageWidth=140,http://www.nrsr.sk/web/Default.aspx?sid=poslanci/poslanec&PoslanecID=382&CisObdobia=7,382,7
Dušan,Jarjabek,Dušan Jarjabek,SMER – sociálna demokracia,1953-03-04,Bratislava,Mgr.,slovenská,Bratislavský,dusan_jarjabek@nrsr.sk,"",http://www.nrsr.sk/web/dynamic/PoslanecPhoto.aspx?PoslanecID=61&ImageWidth=140,http://www.nrsr.sk/web/Default.aspx?sid=poslanci/poslanec&PoslanecID=61&CisObdobia=7,61,7
Martin,Fedor,Martin Fedor,#SIEŤ,1974-03-04,Trenčianske Teplice,"Mgr., MEconSc.",slovenská,Trenčiansky,martin_fedor@nrsr.sk,"",http://www.nrsr.sk/web/dynamic/PoslanecPhoto.aspx?PoslanecID=653&ImageWidth=140,http://www.nrsr.sk/web/Default.aspx?sid=poslanci/poslanec&PoslanecID=653&CisObdobia=7,653,7
Dušan,Galis,Dušan Galis,SMER – sociálna demokracia,1949-11-24,Bratislava,Mgr.,slovenská,Bratislavský,dusan_galis@nrsr.sk,"",http://www.nrsr.sk/web/dynamic/PoslanecPhoto.aspx?PoslanecID=656&ImageWidth=140,http://www.nrsr.sk/web/Default.aspx?sid=poslanci/poslanec&PoslanecID=656&CisObdobia=7,656,7
Tibor,Glenda,Tibor Glenda,SMER – sociálna demokracia,1955-07-22,Alekšince,Ing.,slovenská,Nitriansky,tibor_glenda@nrsr.sk,"",http://www.nrsr.sk/web/dynamic/PoslanecPhoto.aspx?PoslanecID=658&ImageWidth=140,http://www.nrsr.sk/web/Default.aspx?sid=poslanci/poslanec&PoslanecID=658&CisObdobia=7,658,7
Martin,Glváč,Martin Glváč,SMER – sociálna demokracia,1967-11-20,Bratislava,JUDr.,slovenská,Bratislavský,martin_glvac@nrsr.sk,"",http://www.nrsr.sk/web/dynamic/PoslanecPhoto.aspx?PoslanecID=659&ImageWidth=140,http://www.nrsr.sk/web/Default.aspx?sid=poslanci/poslanec&PoslanecID=659&CisObdobia=7,659,7
Stanislav,Kubánek,Stanislav Kubánek,SMER – sociálna demokracia,1951-09-13,Prešov,Ing.,slovenská,Prešovský,stanislav_kubanek@nrsr.sk,"",http://www.nrsr.sk/web/dynamic/PoslanecPhoto.aspx?PoslanecID=668&ImageWidth=140,http://www.nrsr.sk/web/Default.aspx?sid=poslanci/poslanec&PoslanecID=668&CisObdobia=7,668,7
Ján,Kvorka,Ján Kvorka,SMER – sociálna demokracia,1955-01-28,Blatnica,"",slovenská,Žilinský,jan_kvorka@nrsr.sk,"",http://www.nrsr.sk/web/dynamic/PoslanecPhoto.aspx?PoslanecID=671&ImageWidth=140,http://www.nrsr.sk/web/Default.aspx?sid=poslanci/poslanec&PoslanecID=671&CisObdobia=7,671,7
Vladimír,Matejička,Vladimír Matejička,SMER – sociálna demokracia,1956-01-14,Komárno,Mgr.,slovenská,Nitriansky,vladimir_matejicka@nrsr.sk,"",http://www.nrsr.sk/web/dynamic/PoslanecPhoto.aspx?PoslanecID=676&ImageWidth=140,http://www.nrsr.sk/web/Default.aspx?sid=poslanci/poslanec&PoslanecID=676&CisObdobia=7,676,7
Milan,Mojš,Milan Mojš,SMER – sociálna demokracia,1956-11-11,Likavka,Ing.,slovenská,Žilinský,milan_mojs@nrsr.sk,"",http://www.nrsr.sk/web/dynamic/PoslanecPhoto.aspx?PoslanecID=678&ImageWidth=140,http://www.nrsr.sk/web/Default.aspx?sid=poslanci/poslanec&PoslanecID=678&CisObdobia=7,678,7
Oľga,Nachtmannová,Oľga Nachtmannová,SMER – sociálna demokracia,1963-07-14,Bratislava,"Mgr., PhD.",slovenská,Bratislavský,olga_nachtmannova@nrsr.sk,"",http://www.nrsr.sk/web/dynamic/PoslanecPhoto.aspx?PoslanecID=679&ImageWidth=140,http://www.nrsr.sk/web/Default.aspx?sid=poslanci/poslanec&PoslanecID=679&CisObdobia=7,679,7
Ľubomír,Petrák,Ľubomír Petrák,SMER – sociálna demokracia,1961-08-06,Hurbanova Ves,"Ing., CSc.",slovenská,Bratislavský,lubomir_petrak@nrsr.sk,"",http://www.nrsr.sk/web/dynamic/PoslanecPhoto.aspx?PoslanecID=683&ImageWidth=140,http://www.nrsr.sk/web/Default.aspx?sid=poslanci/poslanec&PoslanecID=683&CisObdobia=7,683,7
Ján,Podmanický,Ján Podmanický,SMER – sociálna demokracia,1977-05-17,Stará Bystrica,"JUDr. PhDr., PhD.",slovenská,Žilinský,jan_podmanicky@nrsr.sk,"",http://www.nrsr.sk/web/dynamic/PoslanecPhoto.aspx?PoslanecID=685&ImageWidth=140,http://www.nrsr.sk/web/Default.aspx?sid=poslanci/poslanec&PoslanecID=685&CisObdobia=7,685,7
Ján,Senko,Ján Senko,SMER – sociálna demokracia,1958-07-11,Očová,PhDr.,slovenská,Banskobystrický,jan_senko@nrsr.sk,"",http://www.nrsr.sk/web/dynamic/PoslanecPhoto.aspx?PoslanecID=696&ImageWidth=140,http://www.nrsr.sk/web/Default.aspx?sid=poslanci/poslanec&PoslanecID=696&CisObdobia=7,696,7
Zsolt,Simon,Zsolt Simon,MOST-HÍD,1970-08-26,Padarovce,Ing.,maďarská,Banskobystrický,zsolt_simon@nrsr.sk,"",http://www.nrsr.sk/web/dynamic/PoslanecPhoto.aspx?PoslanecID=697&ImageWidth=140,http://www.nrsr.sk/web/Default.aspx?sid=poslanci/poslanec&PoslanecID=697&CisObdobia=7,697,7
Jozef,Valocký,Jozef Valocký,SMER – sociálna demokracia,1956-11-26,Galanta,MUDr.,slovenská,Trnavský,jozef_valocky@nrsr.sk,"",http://www.nrsr.sk/web/dynamic/PoslanecPhoto.aspx?PoslanecID=705&ImageWidth=140,http://www.nrsr.sk/web/Default.aspx?sid=poslanci/poslanec&PoslanecID=705&CisObdobia=7,705,7
Elemér,Jakab,Elemér Jakab,MOST-HÍD,1967-07-05,Veľké Raškovce,Mgr.,maďarská,Košický,elemer_jakab@nrsr.sk,"",http://www.nrsr.sk/web/dynamic/PoslanecPhoto.aspx?PoslanecID=710&ImageWidth=140,http://www.nrsr.sk/web/Default.aspx?sid=poslanci/poslanec&PoslanecID=710&CisObdobia=7,710,7
Mikuláš,Krajkovič,Mikuláš Krajkovič,SMER – sociálna demokracia,1968-04-13,Vápeník,Mgr.,rusínska,Prešovský,mikulas_krajkovic@nrsr.sk,"",http://www.nrsr.sk/web/dynamic/PoslanecPhoto.aspx?PoslanecID=726&ImageWidth=140,http://www.nrsr.sk/web/Default.aspx?sid=poslanci/poslanec&PoslanecID=726&CisObdobia=7,726,7
Jana,Vaľová,Jana Vaľová,SMER – sociálna demokracia,1965-07-08,Humenné,PhDr.,slovenská,Prešovský,jana_valova@nrsr.sk,"",http://www.nrsr.sk/web/dynamic/PoslanecPhoto.aspx?PoslanecID=732&ImageWidth=140,http://www.nrsr.sk/web/Default.aspx?sid=poslanci/poslanec&PoslanecID=732&CisObdobia=7,732,7
Pavol,Goga,Pavol Goga,SMER – sociálna demokracia,1963-06-24,Topoľčany,PaedDr.,slovenská,Nitriansky,pavol_goga@nrsr.sk,"",http://www.nrsr.sk/web/dynamic/PoslanecPhoto.aspx?PoslanecID=738&ImageWidth=140,http://www.nrsr.sk/web/Default.aspx?sid=poslanci/poslanec&PoslanecID=738&CisObdobia=7,738,7
Miroslav,Beblavý,Miroslav Beblavý,#SIEŤ,1977-01-06,Bratislava,"doc. Ing., PhD.",slovenská,Bratislavský,miroslav_beblavy@nrsr.sk,"",http://www.nrsr.sk/web/dynamic/PoslanecPhoto.aspx?PoslanecID=758&ImageWidth=140,http://www.nrsr.sk/web/Default.aspx?sid=poslanci/poslanec&PoslanecID=758&CisObdobia=7,758,7
Martin,Poliačik,Martin Poliačik,Sloboda a Solidarita,1980-06-27,Bratislava,Mgr.,slovenská,Bratislavský,martin_poliacik@nrsr.sk,"",http://www.nrsr.sk/web/dynamic/PoslanecPhoto.aspx?PoslanecID=759&ImageWidth=140,http://www.nrsr.sk/web/Default.aspx?sid=poslanci/poslanec&PoslanecID=759&CisObdobia=7,759,7
Radoslav,Procházka,Radoslav Procházka,#SIEŤ,1972-03-31,Bratislava,"doc. JUDr., PhD. J.S.D.",slovenská,Bratislavský,radoslav_prochazka@nrsr.sk,"",http://www.nrsr.sk/web/dynamic/PoslanecPhoto.aspx?PoslanecID=760&ImageWidth=140,http://www.nrsr.sk/web/Default.aspx?sid=poslanci/poslanec&PoslanecID=760&CisObdobia=7,760,7
Richard,Raši,Richard Raši,SMER – sociálna demokracia,1971-04-02,Košice,"MUDr., PhD. MPH",slovenská,Košický,richard_rasi@nrsr.sk,"",http://www.nrsr.sk/web/dynamic/PoslanecPhoto.aspx?PoslanecID=761&ImageWidth=140,http://www.nrsr.sk/web/Default.aspx?sid=poslanci/poslanec&PoslanecID=761&CisObdobia=7,761,7
Peter,Šuca,Peter Šuca,SMER – sociálna demokracia,1968-09-08,Nová Lesná,PaedDr.,slovenská,Prešovský,peter_suca@nrsr.sk,"",http://www.nrsr.sk/web/dynamic/PoslanecPhoto.aspx?PoslanecID=769&ImageWidth=140,http://www.nrsr.sk/web/Default.aspx?sid=poslanci/poslanec&PoslanecID=769&CisObdobia=7,769,7
Peter,Kresák,Peter Kresák,MOST-HÍD,1954-04-24,Bratislava,"doc. JUDr., CSc.",slovenská,Bratislavský,peter_kresak@nrsr.sk,"",http://www.nrsr.sk/web/dynamic/PoslanecPhoto.aspx?PoslanecID=77&ImageWidth=140,http://www.nrsr.sk/web/Default.aspx?sid=poslanci/poslanec&PoslanecID=77&CisObdobia=7,77,7
Jozef,Viskupič,Jozef Viskupič,OBYČAJNÍ ĽUDIA a nezávislé osobnosti (OĽANO-NOVA),1976-02-08,Trnava,Mgr.,slovenská,Trnavský,jozef_viskupic@nrsr.sk,http://www.jozefviskupic.sk,http://www.nrsr.sk/web/dynamic/PoslanecPhoto.aspx?PoslanecID=773&ImageWidth=140,http://www.nrsr.sk/web/Default.aspx?sid=poslanci/poslanec&PoslanecID=773&CisObdobia=7,773,7
Ľubomír,Želiezka,Ľubomír Želiezka,SMER – sociálna demokracia,1950-07-22,Bánovce nad Bebravou,"",slovenská,Trenčiansky,lubomir_zeliezka@nrsr.sk,"",http://www.nrsr.sk/web/dynamic/PoslanecPhoto.aspx?PoslanecID=775&ImageWidth=140,http://www.nrsr.sk/web/Default.aspx?sid=poslanci/poslanec&PoslanecID=775&CisObdobia=7,775,7
Natália,Blahová,Natália Blahová,Sloboda a Solidarita,1974-02-19,Zavar,Mgr.,slovenská,Trnavský,natalia_blahova@nrsr.sk,"",http://www.nrsr.sk/web/dynamic/PoslanecPhoto.aspx?PoslanecID=777&ImageWidth=140,http://www.nrsr.sk/web/Default.aspx?sid=poslanci/poslanec&PoslanecID=777&CisObdobia=7,777,7
Dušan,Bublavý,Dušan Bublavý,SMER – sociálna demokracia,1964-04-04,Častkovce,Mgr.,slovenská,Trenčiansky,dusan_bublavy@nrsr.sk,"",http://www.nrsr.sk/web/dynamic/PoslanecPhoto.aspx?PoslanecID=778&ImageWidth=140,http://www.nrsr.sk/web/Default.aspx?sid=poslanci/poslanec&PoslanecID=778&CisObdobia=7,778,7
Ondrej,Dostál,Ondrej Dostál,Sloboda a Solidarita,1971-04-05,Bratislava,Mgr.,rómska,Bratislavský,ondrej_dostal@nrsr.sk,"",http://www.nrsr.sk/web/dynamic/PoslanecPhoto.aspx?PoslanecID=779&ImageWidth=140,http://www.nrsr.sk/web/Default.aspx?sid=poslanci/poslanec&PoslanecID=779&CisObdobia=7,779,7
Juraj,Droba,Juraj Droba,Sloboda a Solidarita,1971-05-25,Bratislava,"Mgr., MBA M.A.",slovenská,Bratislavský,juraj_droba@nrsr.sk,"",http://www.nrsr.sk/web/dynamic/PoslanecPhoto.aspx?PoslanecID=780&ImageWidth=140,http://www.nrsr.sk/web/Default.aspx?sid=poslanci/poslanec&PoslanecID=780&CisObdobia=7,780,7
Martin,Fecko,Martin Fecko,OBYČAJNÍ ĽUDIA a nezávislé osobnosti (OĽANO-NOVA),1962-10-08,Prešov,Ing.,slovenská,Prešovský,martin_fecko@nrsr.sk,"",http://www.nrsr.sk/web/dynamic/PoslanecPhoto.aspx?PoslanecID=783&ImageWidth=140,http://www.nrsr.sk/web/Default.aspx?sid=poslanci/poslanec&PoslanecID=783&CisObdobia=7,783,7
Ľubomír,Galko,Ľubomír Galko,Sloboda a Solidarita,1968-02-14,Stupava,Mgr.,slovenská,Bratislavský,lubomir_galko@nrsr.sk,"",http://www.nrsr.sk/web/dynamic/PoslanecPhoto.aspx?PoslanecID=785&ImageWidth=140,http://www.nrsr.sk/web/Default.aspx?sid=poslanci/poslanec&PoslanecID=785&CisObdobia=7,785,7
Igor,Choma,Igor Choma,SMER – sociálna demokracia,1964-01-28,Žilina,Ing.,slovenská,Žilinský,igor_choma@nrsr.sk,"",http://www.nrsr.sk/web/dynamic/PoslanecPhoto.aspx?PoslanecID=790&ImageWidth=140,http://www.nrsr.sk/web/Default.aspx?sid=poslanci/poslanec&PoslanecID=790&CisObdobia=7,790,7
Ľubomír,Jahnátek,Ľubomír Jahnátek,SMER – sociálna demokracia,1954-09-16,Nitrianske Hrnčiarovce,"prof. Ing., CSc.",slovenská,Nitriansky,lubomir_jahnatek@nrsr.sk,"",http://www.nrsr.sk/web/dynamic/PoslanecPhoto.aspx?PoslanecID=792&ImageWidth=140,http://www.nrsr.sk/web/Default.aspx?sid=poslanci/poslanec&PoslanecID=792&CisObdobia=7,792,7
Erika,Jurinová,Erika Jurinová,OBYČAJNÍ ĽUDIA a nezávislé osobnosti (OĽANO-NOVA),1971-08-31,Nižná,Ing.,slovenská,Žilinský,erika_jurinova@nrsr.sk,"",http://www.nrsr.sk/web/dynamic/PoslanecPhoto.aspx?PoslanecID=795&ImageWidth=140,http://www.nrsr.sk/web/Default.aspx?sid=poslanci/poslanec&PoslanecID=795&CisObdobia=7,795,7
Eugen,Jurzyca,Eugen Jurzyca,Sloboda a Solidarita,1958-02-08,Bratislava,Ing.,slovenská,Bratislavský,eugen_jurzyca@nrsr.sk,"",http://www.nrsr.sk/web/dynamic/PoslanecPhoto.aspx?PoslanecID=796&ImageWidth=140,http://www.nrsr.sk/web/Default.aspx?sid=poslanci/poslanec&PoslanecID=796&CisObdobia=7,796,7
Jana,Kiššová,Jana Kiššová,Sloboda a Solidarita,1974-11-23,Bratislava,Ing.,slovenská,Bratislavský,jana_kissova@nrsr.sk,"",http://www.nrsr.sk/web/dynamic/PoslanecPhoto.aspx?PoslanecID=799&ImageWidth=140,http://www.nrsr.sk/web/Default.aspx?sid=poslanci/poslanec&PoslanecID=799&CisObdobia=7,799,7
Igor,Matovič,Igor Matovič,OBYČAJNÍ ĽUDIA a nezávislé osobnosti (OĽANO-NOVA),1973-05-11,Trnava,Mgr.,slovenská,Trnavský,igor_matovic@nrsr.sk,"",http://www.nrsr.sk/web/dynamic/PoslanecPhoto.aspx?PoslanecID=808&ImageWidth=140,http://www.nrsr.sk/web/Default.aspx?sid=poslanci/poslanec&PoslanecID=808&CisObdobia=7,808,7
Jozef,Mihál,Jozef Mihál,Sloboda a Solidarita,1965-03-18,Slovenský Grob,RNDr.,slovenská,Bratislavský,jozef_mihal@nrsr.sk,"",http://www.nrsr.sk/web/dynamic/PoslanecPhoto.aspx?PoslanecID=809&ImageWidth=140,http://www.nrsr.sk/web/Default.aspx?sid=poslanci/poslanec&PoslanecID=809&CisObdobia=7,809,7
Lucia,Ďuriš Nicholsonová,Lucia Ďuriš Nicholsonová,Sloboda a Solidarita,1976-11-28,Bratislava,"",slovenská,Bratislavský,lucia_nicholsonova@nrsr.sk,"",http://www.nrsr.sk/web/dynamic/PoslanecPhoto.aspx?PoslanecID=812&ImageWidth=140,http://www.nrsr.sk/web/Default.aspx?sid=poslanci/poslanec&PoslanecID=812&CisObdobia=7,812,7
Mária,Janíková,Mária Janíková,SMER – sociálna demokracia,1970-11-18,Partizánske,PhDr.,slovenská,Trenčiansky,maria_janikova@nrsr.sk,"",http://www.nrsr.sk/web/dynamic/PoslanecPhoto.aspx?PoslanecID=818&ImageWidth=140,http://www.nrsr.sk/web/Default.aspx?sid=poslanci/poslanec&PoslanecID=818&CisObdobia=7,818,7
Péter,Vörös,Péter Vörös,MOST-HÍD,1966-04-03,Komárno,Mgr.,maďarská,Nitriansky,peter_voros@nrsr.sk,"",http://www.nrsr.sk/web/dynamic/PoslanecPhoto.aspx?PoslanecID=841&ImageWidth=140,http://www.nrsr.sk/web/Default.aspx?sid=poslanci/poslanec&PoslanecID=841&CisObdobia=7,841,7
Edita,Pfundtner,Edita Pfundtner,MOST-HÍD,1973-01-30,Bratislava,Mgr.,maďarská,Bratislavský,edita_pfundtner@nrsr.sk,"",http://www.nrsr.sk/web/dynamic/PoslanecPhoto.aspx?PoslanecID=843&ImageWidth=140,http://www.nrsr.sk/web/Default.aspx?sid=poslanci/poslanec&PoslanecID=843&CisObdobia=7,843,7
Milan,Laurenčík,Milan Laurenčík,Sloboda a Solidarita,1958-09-23,Terchová,Ing.,slovenská,Žilinský,milan_laurencik@nrsr.sk,"",http://www.nrsr.sk/web/dynamic/PoslanecPhoto.aspx?PoslanecID=847&ImageWidth=140,http://www.nrsr.sk/web/Default.aspx?sid=poslanci/poslanec&PoslanecID=847&CisObdobia=7,847,7
Richard,Vašečka,Richard Vašečka,OBYČAJNÍ ĽUDIA a nezávislé osobnosti (OĽANO-NOVA),1973-11-03,Svederník,Mgr.,slovenská,Žilinský,richard_vasecka@nrsr.sk,"",http://www.nrsr.sk/web/dynamic/PoslanecPhoto.aspx?PoslanecID=861&ImageWidth=140,http://www.nrsr.sk/web/Default.aspx?sid=poslanci/poslanec&PoslanecID=861&CisObdobia=7,861,7
Milan,Panáček,Milan Panáček,SMER – sociálna demokracia,1977-07-23,Dohňany,Ing.,slovenská,Trenčiansky kraj,milan_panacek@nrsr.sk,"",http://www.nrsr.sk/web/dynamic/PoslanecPhoto.aspx?PoslanecID=870&ImageWidth=140,http://www.nrsr.sk/web/Default.aspx?sid=poslanci/poslanec&PoslanecID=870&CisObdobia=7,870,7
Vladimír,Baláž,Vladimír Baláž,SMER – sociálna demokracia,1958-08-14,Banská Bystrica,"MUDr., PhD.",slovenská,Banskobystrický kraj,vladimir_balaz@nrsr.sk,"",http://www.nrsr.sk/web/dynamic/PoslanecPhoto.aspx?PoslanecID=871&ImageWidth=140,http://www.nrsr.sk/web/Default.aspx?sid=poslanci/poslanec&PoslanecID=871&CisObdobia=7,871,7
Ladislav,Andreánsky,Ladislav Andreánsky,SMER – sociálna demokracia,1963-10-31,Liptovský Hrádok,MUDr.,slovenská,Žilinský kraj,ladislav_andreansky@nrsr.sk,"",http://www.nrsr.sk/web/dynamic/PoslanecPhoto.aspx?PoslanecID=872&ImageWidth=140,http://www.nrsr.sk/web/Default.aspx?sid=poslanci/poslanec&PoslanecID=872&CisObdobia=7,872,7
Marián,Kéry,Marián Kéry,SMER – sociálna demokracia,1978-02-06,Červený Hrádok,Mgr.,slovenská,Nitriansky kraj,marian_kery@nrsr.sk,"",http://www.nrsr.sk/web/dynamic/PoslanecPhoto.aspx?PoslanecID=873&ImageWidth=140,http://www.nrsr.sk/web/Default.aspx?sid=poslanci/poslanec&PoslanecID=873&CisObdobia=7,873,7
Augustín,Hambálek,Augustín Hambálek,SMER – sociálna demokracia,1957-07-16,Trnava,Ing.,slovenská,Trnavský kraj,augustin_hambalek@nrsr.sk,"",http://www.nrsr.sk/web/dynamic/PoslanecPhoto.aspx?PoslanecID=874&ImageWidth=140,http://www.nrsr.sk/web/Default.aspx?sid=poslanci/poslanec&PoslanecID=874&CisObdobia=7,874,7
Michal,Bagačka,Michal Bagačka,SMER – sociálna demokracia,1963-05-15,Hnúšťa,Mgr.,slovenská,Banskobystrický kraj,michal_bagacka@nrsr.sk,"",http://www.nrsr.sk/web/dynamic/PoslanecPhoto.aspx?PoslanecID=875&ImageWidth=140,http://www.nrsr.sk/web/Default.aspx?sid=poslanci/poslanec&PoslanecID=875&CisObdobia=7,875,7
Róbert,Puci,Róbert Puci,SMER – sociálna demokracia,1973-06-13,Trebišov,Ing.,slovenská,Košický kraj,robert_puci@nrsr.sk,"",http://www.nrsr.sk/web/dynamic/PoslanecPhoto.aspx?PoslanecID=879&ImageWidth=140,http://www.nrsr.sk/web/Default.aspx?sid=poslanci/poslanec&PoslanecID=879&CisObdobia=7,879,7
Ladislav,Kamenický,Ladislav Kamenický,SMER – sociálna demokracia,1970-10-04,Bratislava,Ing.,slovenská,Bratislavský,ladislav_kamenicky@nrsr.sk,"",http://www.nrsr.sk/web/dynamic/PoslanecPhoto.aspx?PoslanecID=880&ImageWidth=140,http://www.nrsr.sk/web/Default.aspx?sid=poslanci/poslanec&PoslanecID=880&CisObdobia=7,880,7
Andrej,Hrnčiar,Andrej Hrnčiar,#SIEŤ,1973-07-10,Martin,Mgr. art.,slovenská,Žilinský kraj,andrej_hrnciar@nrsr.sk,"",http://www.nrsr.sk/web/dynamic/PoslanecPhoto.aspx?PoslanecID=881&ImageWidth=140,http://www.nrsr.sk/web/Default.aspx?sid=poslanci/poslanec&PoslanecID=881&CisObdobia=7,881,7
Ľuboš,Blaha,Ľuboš Blaha,SMER – sociálna demokracia,1979-12-07,Bratislava,"Mgr. PhDr., PhD.",slovenská,Bratislavský,lubos_blaha@nrsr.sk,"",http://www.nrsr.sk/web/dynamic/PoslanecPhoto.aspx?PoslanecID=885&ImageWidth=140,http://www.nrsr.sk/web/Default.aspx?sid=poslanci/poslanec&PoslanecID=885&CisObdobia=7,885,7
Jozef,Ježík,Jozef Ježík,SMER – sociálna demokracia,1967-06-21,Zvolen,MUDr.,slovenská,Banskobystrický kraj,jozef_jezik@nrsr.sk,"",http://www.nrsr.sk/web/dynamic/PoslanecPhoto.aspx?PoslanecID=891&ImageWidth=140,http://www.nrsr.sk/web/Default.aspx?sid=poslanci/poslanec&PoslanecID=891&CisObdobia=7,891,7
Peter,Náhlik,Peter Náhlik,SMER – sociálna demokracia,1981-08-18,Trnava,"PhDr., PhD.",slovenská,Trnavský kraj,peter_nahlik@nrsr.sk,"",http://www.nrsr.sk/web/dynamic/PoslanecPhoto.aspx?PoslanecID=899&ImageWidth=140,http://www.nrsr.sk/web/Default.aspx?sid=poslanci/poslanec&PoslanecID=899&CisObdobia=7,899,7
Veronika,Remišová,Veronika Remišová,OBYČAJNÍ ĽUDIA a nezávislé osobnosti (OĽANO-NOVA),1976-05-31,Bratislava,"Mgr. art., M.A.ArtD.",slovenská,Bratislavský,veronika_remisova@nrsr.sk,"",http://www.nrsr.sk/web/dynamic/PoslanecPhoto.aspx?PoslanecID=905&ImageWidth=140,http://www.nrsr.sk/web/Default.aspx?sid=poslanci/poslanec&PoslanecID=905&CisObdobia=7,905,7
Alan,Suchánek,Alan Suchánek,OBYČAJNÍ ĽUDIA a nezávislé osobnosti (OĽANO-NOVA),1953-11-22,Piešťany,MUDr.,slovenská,Trnavský,alan_suchanek@nrsr.sk,"",http://www.nrsr.sk/web/dynamic/PoslanecPhoto.aspx?PoslanecID=906&ImageWidth=140,http://www.nrsr.sk/web/Default.aspx?sid=poslanci/poslanec&PoslanecID=906&CisObdobia=7,906,7
Marek,Krajčí,Marek Krajčí,OBYČAJNÍ ĽUDIA a nezávislé osobnosti (OĽANO-NOVA),1974-03-24,Bratislava,MUDr.,slovenská,Bratislavský,marek_krajci@nrsr.sk,"",http://www.nrsr.sk/web/dynamic/PoslanecPhoto.aspx?PoslanecID=907&ImageWidth=140,http://www.nrsr.sk/web/Default.aspx?sid=poslanci/poslanec&PoslanecID=907&CisObdobia=7,907,7
Oto,Žarnay,Oto Žarnay,OBYČAJNÍ ĽUDIA a nezávislé osobnosti (OĽANO-NOVA),1969-03-18,Košice,Mgr.,slovenská,Košický,oto_zarnay@nrsr.sk,"",http://www.nrsr.sk/web/dynamic/PoslanecPhoto.aspx?PoslanecID=908&ImageWidth=140,http://www.nrsr.sk/web/Default.aspx?sid=poslanci/poslanec&PoslanecID=908&CisObdobia=7,908,7
Eduard,Heger,Eduard Heger,OBYČAJNÍ ĽUDIA a nezávislé osobnosti (OĽANO-NOVA),1976-05-03,Bratislava,Ing.,slovenská,Bratislavský,eduard_heger@nrsr.sk,"",http://www.nrsr.sk/web/dynamic/PoslanecPhoto.aspx?PoslanecID=909&ImageWidth=140,http://www.nrsr.sk/web/Default.aspx?sid=poslanci/poslanec&PoslanecID=909&CisObdobia=7,909,7
Gábor,Grendel,Gábor Grendel,OBYČAJNÍ ĽUDIA a nezávislé osobnosti (OĽANO-NOVA),1980-07-15,Bratislava,Mgr.,maďarská,Bratislavský,gabor_grendel@nrsr.sk,"",http://www.nrsr.sk/web/dynamic/PoslanecPhoto.aspx?PoslanecID=910&ImageWidth=140,http://www.nrsr.sk/web/Default.aspx?sid=poslanci/poslanec&PoslanecID=910&CisObdobia=7,910,7
Viera,Dubačová,Viera Dubačová,OBYČAJNÍ ĽUDIA a nezávislé osobnosti (OĽANO-NOVA),1962-07-19,Banská Bystrica,Mgr. art.,slovenská,Banskobystrický,viera_dubacova@nrsr.sk,"",http://www.nrsr.sk/web/dynamic/PoslanecPhoto.aspx?PoslanecID=911&ImageWidth=140,http://www.nrsr.sk/web/Default.aspx?sid=poslanci/poslanec&PoslanecID=911&CisObdobia=7,911,7
Jozef,Lukáč,Jozef Lukáč,OBYČAJNÍ ĽUDIA a nezávislé osobnosti (OĽANO-NOVA),1974-01-26,Záborské,Mgr.,slovenská,Prešovský,jozef_lukac@nrsr.sk,"",http://www.nrsr.sk/web/dynamic/PoslanecPhoto.aspx?PoslanecID=912&ImageWidth=140,http://www.nrsr.sk/web/Default.aspx?sid=poslanci/poslanec&PoslanecID=912&CisObdobia=7,912,7
Anna,Verešová,Anna Verešová,OBYČAJNÍ ĽUDIA a nezávislé osobnosti (OĽANO-NOVA),1964-04-25,Kamenná Poruba,Mgr.,slovenská,Žilinský,anna_veresova@nrsr.sk,"",http://www.nrsr.sk/web/dynamic/PoslanecPhoto.aspx?PoslanecID=913&ImageWidth=140,http://www.nrsr.sk/web/Default.aspx?sid=poslanci/poslanec&PoslanecID=913&CisObdobia=7,913,7
Soňa,Gaborčáková,Soňa Gaborčáková,OBYČAJNÍ ĽUDIA a nezávislé osobnosti (OĽANO-NOVA),1977-08-20,Stará Ľubovňa,PhDr.,slovenská,Prešovský,sona_gaborcakova@nrsr.sk,"",http://www.nrsr.sk/web/dynamic/PoslanecPhoto.aspx?PoslanecID=914&ImageWidth=140,http://www.nrsr.sk/web/Default.aspx?sid=poslanci/poslanec&PoslanecID=914&CisObdobia=7,914,7
Silvia,Shahzad,Silvia Shahzad,OBYČAJNÍ ĽUDIA a nezávislé osobnosti (OĽANO-NOVA),1976-05-28,Bratislava,Mgr.,slovenská,Bratislavský,silvia_shahzad@nrsr.sk,"",http://www.nrsr.sk/web/dynamic/PoslanecPhoto.aspx?PoslanecID=915&ImageWidth=140,http://www.nrsr.sk/web/Default.aspx?sid=poslanci/poslanec&PoslanecID=915&CisObdobia=7,915,7
Miroslav,Sopko,Miroslav Sopko,OBYČAJNÍ ĽUDIA a nezávislé osobnosti (OĽANO-NOVA),1975-01-25,Zalužice,Mgr.,slovenská,Košický,miroslav_sopko@nrsr.sk,"",http://www.nrsr.sk/web/dynamic/PoslanecPhoto.aspx?PoslanecID=916&ImageWidth=140,http://www.nrsr.sk/web/Default.aspx?sid=poslanci/poslanec&PoslanecID=916&CisObdobia=7,916,7
Boris,Kollár,Boris Kollár,SME RODINA - Boris Kollár,1965-08-14,Bratislava,Mgr.,slovenská,Bratislavský,boris_kollar@nrsr.sk,"",http://www.nrsr.sk/web/dynamic/PoslanecPhoto.aspx?PoslanecID=917&ImageWidth=140,http://www.nrsr.sk/web/Default.aspx?sid=poslanci/poslanec&PoslanecID=917&CisObdobia=7,917,7
Martina,Šimkovičová,Martina Šimkovičová,SME RODINA - Boris Kollár,1971-08-29,Bratislava,Mgr. PaedDr.,slovenská,Bratislavský,martina_simkovicova@nrsr.sk,"",http://www.nrsr.sk/web/dynamic/PoslanecPhoto.aspx?PoslanecID=918&ImageWidth=140,http://www.nrsr.sk/web/Default.aspx?sid=poslanci/poslanec&PoslanecID=918&CisObdobia=7,918,7
Martin,Beluský,Martin Beluský,Kotleba - Ľudová strana Naše Slovensko,1987-04-17,Piešťany,"Ing., PhD.",slovenská,Trnavský,martin_belusky@nrsr.sk,"",http://www.nrsr.sk/web/dynamic/PoslanecPhoto.aspx?PoslanecID=919&ImageWidth=140,http://www.nrsr.sk/web/Default.aspx?sid=poslanci/poslanec&PoslanecID=919&CisObdobia=7,919,7
Milan,Krajniak,Milan Krajniak,SME RODINA - Boris Kollár,1973-01-30,Bratislava,Bc.,slovenská,Bratislavský,milan_krajniak@nrsr.sk,"",http://www.nrsr.sk/web/dynamic/PoslanecPhoto.aspx?PoslanecID=920&ImageWidth=140,http://www.nrsr.sk/web/Default.aspx?sid=poslanci/poslanec&PoslanecID=920&CisObdobia=7,920,7
Peter,Marček,Peter Marček,SME RODINA - Boris Kollár,1953-12-23,Bratislava,"",slovenská,Bratislavský,peter_marcek@nrsr.sk,"",http://www.nrsr.sk/web/dynamic/PoslanecPhoto.aspx?PoslanecID=921&ImageWidth=140,http://www.nrsr.sk/web/Default.aspx?sid=poslanci/poslanec&PoslanecID=921&CisObdobia=7,921,7
Petra,Krištúfková,Petra Krištúfková,SME RODINA - Boris Kollár,1977-04-08,Bratislava,"",slovenská,Bratislavský,petra_kristufkova@nrsr.sk,"",http://www.nrsr.sk/web/dynamic/PoslanecPhoto.aspx?PoslanecID=922&ImageWidth=140,http://www.nrsr.sk/web/Default.aspx?sid=poslanci/poslanec&PoslanecID=922&CisObdobia=7,922,7
Peter,Pčolinský,Peter Pčolinský,SME RODINA - Boris Kollár,1982-04-06,Nižný Hrabovec,Mgr.,slovenská,Prešovský,peter_pcolinsky@nrsr.sk,"",http://www.nrsr.sk/web/dynamic/PoslanecPhoto.aspx?PoslanecID=923&ImageWidth=140,http://www.nrsr.sk/web/Default.aspx?sid=poslanci/poslanec&PoslanecID=923&CisObdobia=7,923,7
Zuzana,Šebová,Zuzana Šebová,SME RODINA - Boris Kollár,1969-03-22,Levice,Ing.,slovenská,Nitriansky,zuzana_sebova@nrsr.sk,"",http://www.nrsr.sk/web/dynamic/PoslanecPhoto.aspx?PoslanecID=924&ImageWidth=140,http://www.nrsr.sk/web/Default.aspx?sid=poslanci/poslanec&PoslanecID=924&CisObdobia=7,924,7
Rastislav,Holúbek,Rastislav Holúbek,SME RODINA - Boris Kollár,1977-07-23,Bratislava,"",slovenská,Bratislavský,rastislav_holubek@nrsr.sk,"",http://www.nrsr.sk/web/dynamic/PoslanecPhoto.aspx?PoslanecID=925&ImageWidth=140,http://www.nrsr.sk/web/Default.aspx?sid=poslanci/poslanec&PoslanecID=925&CisObdobia=7,925,7
Peter,Štarchoň,Peter Štarchoň,SME RODINA - Boris Kollár,1971-02-22,Demandice,"prof. Mgr., PhD.",slovenská,Nitriansky,peter_starchon@nrsr.sk,"",http://www.nrsr.sk/web/dynamic/PoslanecPhoto.aspx?PoslanecID=926&ImageWidth=140,http://www.nrsr.sk/web/Default.aspx?sid=poslanci/poslanec&PoslanecID=926&CisObdobia=7,926,7
Ľudovít,Goga,Ľudovít Goga,SME RODINA - Boris Kollár,1969-02-05,Bratislava,Ing.,slovenská,Bratislavský,ludovit_goga@nrsr.sk,"",http://www.nrsr.sk/web/dynamic/PoslanecPhoto.aspx?PoslanecID=927&ImageWidth=140,http://www.nrsr.sk/web/Default.aspx?sid=poslanci/poslanec&PoslanecID=927&CisObdobia=7,927,7
Adriana,Pčolinská,Adriana Pčolinská,SME RODINA - Boris Kollár,1978-08-07,Bratislava,"doc. PaedDr. , PhD.",slovenská,Bratislavský,adriana_pcolinska@nrsr.sk,"",http://www.nrsr.sk/web/dynamic/PoslanecPhoto.aspx?PoslanecID=928&ImageWidth=140,http://www.nrsr.sk/web/Default.aspx?sid=poslanci/poslanec&PoslanecID=928&CisObdobia=7,928,7
Andrej,Danko,Andrej Danko,Slovenská národná strana,1974-08-12,Miloslavov,JUDr.,slovenská,Bratislavský,andrej_danko@nrsr.sk,"",http://www.nrsr.sk/web/dynamic/PoslanecPhoto.aspx?PoslanecID=929&ImageWidth=140,http://www.nrsr.sk/web/Default.aspx?sid=poslanci/poslanec&PoslanecID=929&CisObdobia=7,929,7
Dušan,Tittel,Dušan Tittel,Slovenská národná strana,1966-12-27,Bratislava,Ing.,slovenská,Bratislavský,dusan_tittel@nrsr.sk,"",http://www.nrsr.sk/web/dynamic/PoslanecPhoto.aspx?PoslanecID=930&ImageWidth=140,http://www.nrsr.sk/web/Default.aspx?sid=poslanci/poslanec&PoslanecID=930&CisObdobia=7,930,7
Karol,Farkašovský,Karol Farkašovský,Slovenská národná strana,1955-08-17,Bratislava,"Mgr., PhD.",slovenská,Bratislavský,karol_farkasovský@nrsr.sk,"",http://www.nrsr.sk/web/dynamic/PoslanecPhoto.aspx?PoslanecID=931&ImageWidth=140,http://www.nrsr.sk/web/Default.aspx?sid=poslanci/poslanec&PoslanecID=931&CisObdobia=7,931,7
Jaroslav,Ridoško,Jaroslav Ridoško,Slovenská národná strana,1958-07-08,Trenčín,"MUDr., PhD. MBA",slovenská,Trenčiansky,jaroslav_ridosko@nrsr.sk,"",http://www.nrsr.sk/web/dynamic/PoslanecPhoto.aspx?PoslanecID=932&ImageWidth=140,http://www.nrsr.sk/web/Default.aspx?sid=poslanci/poslanec&PoslanecID=932&CisObdobia=7,932,7
Stanislav,Kmec,Stanislav Kmec,Slovenská národná strana,1965-10-30,Snežnica,"",slovenská,Žilinský,stanislav_kmec@nrsr.sk,"",http://www.nrsr.sk/web/dynamic/PoslanecPhoto.aspx?PoslanecID=933&ImageWidth=140,http://www.nrsr.sk/web/Default.aspx?sid=poslanci/poslanec&PoslanecID=933&CisObdobia=7,933,7
Magdaléna,Kuciaňová,Magdaléna Kuciaňová,Slovenská národná strana,1956-10-14,Moravany nad Váhom,JUDr.,slovenská,Trnavský,magdalena_kucianova@nrsr.sk,"",http://www.nrsr.sk/web/dynamic/PoslanecPhoto.aspx?PoslanecID=935&ImageWidth=140,http://www.nrsr.sk/web/Default.aspx?sid=poslanci/poslanec&PoslanecID=935&CisObdobia=7,935,7
Tibor,Bernaťák,Tibor Bernaťák,Slovenská národná strana,1974-05-11,Bratislava,JUDr.,slovenská,Bratislavský,tibor_bernatak@nrsr.sk,"",http://www.nrsr.sk/web/dynamic/PoslanecPhoto.aspx?PoslanecID=936&ImageWidth=140,http://www.nrsr.sk/web/Default.aspx?sid=poslanci/poslanec&PoslanecID=936&CisObdobia=7,936,7
Peter,Pamula,Peter Pamula,Slovenská národná strana,1971-02-18,Dobšiná,Bc.,slovenská,Košický,peter_pamula@nrsr.sk,"",http://www.nrsr.sk/web/dynamic/PoslanecPhoto.aspx?PoslanecID=937&ImageWidth=140,http://www.nrsr.sk/web/Default.aspx?sid=poslanci/poslanec&PoslanecID=937&CisObdobia=7,937,7
Radovan,Baláž,Radovan Baláž,Slovenská národná strana,1982-05-01,Banská Bystrica,Ing.,slovenská,Banskobystrický,radovan_balaz@nrsr.sk,"",http://www.nrsr.sk/web/dynamic/PoslanecPhoto.aspx?PoslanecID=938&ImageWidth=140,http://www.nrsr.sk/web/Default.aspx?sid=poslanci/poslanec&PoslanecID=938&CisObdobia=7,938,7
Erik,Tomáš,Erik Tomáš,SMER – sociálna demokracia,1975-06-15,Bratislava,Mgr.,slovenská,Bratislavský,erik_tomas@nrsr.sk,"",http://www.nrsr.sk/web/dynamic/PoslanecPhoto.aspx?PoslanecID=940&ImageWidth=140,http://www.nrsr.sk/web/Default.aspx?sid=poslanci/poslanec&PoslanecID=940&CisObdobia=7,940,7
Marian,Kotleba,Marian Kotleba,Kotleba - Ľudová strana Naše Slovensko,1977-04-07,Banská Bystrica,Ing. Mgr.,slovenská,Banskobystrický,marian_kotleba@nrsr.sk,"",http://www.nrsr.sk/web/dynamic/PoslanecPhoto.aspx?PoslanecID=944&ImageWidth=140,http://www.nrsr.sk/web/Default.aspx?sid=poslanci/poslanec&PoslanecID=944&CisObdobia=7,944,7
Rastislav,Schlosár,Rastislav Schlosár,Kotleba - Ľudová strana Naše Slovensko,1984-05-28,Bacúrov,Mgr.,slovenská,Banskobystrický,rastislav_schlosar@nrsr.sk,"",http://www.nrsr.sk/web/dynamic/PoslanecPhoto.aspx?PoslanecID=945&ImageWidth=140,http://www.nrsr.sk/web/Default.aspx?sid=poslanci/poslanec&PoslanecID=945&CisObdobia=7,945,7
Juraj,Kolesár,Juraj Kolesár,Kotleba - Ľudová strana Naše Slovensko,1978-07-29,Košice,"",slovenská,Košický,juraj_kolesar@nrsr.sk,"",http://www.nrsr.sk/web/dynamic/PoslanecPhoto.aspx?PoslanecID=946&ImageWidth=140,http://www.nrsr.sk/web/Default.aspx?sid=poslanci/poslanec&PoslanecID=946&CisObdobia=7,946,7
Milan,Uhrík,Milan Uhrík,Kotleba - Ľudová strana Naše Slovensko,1984-12-21,Komjatice,"Ing., PhD.",slovenská,Nitriansky,milan_uhrik@nrsr.sk,"",http://www.nrsr.sk/web/dynamic/PoslanecPhoto.aspx?PoslanecID=947&ImageWidth=140,http://www.nrsr.sk/web/Default.aspx?sid=poslanci/poslanec&PoslanecID=947&CisObdobia=7,947,7
Natália,Grausová,Natália Grausová,Kotleba - Ľudová strana Naše Slovensko,1953-12-04,Bratislava,MUDr.,slovenská,Bratislavský,natalia_grausova@nrsr.sk,"",http://www.nrsr.sk/web/dynamic/PoslanecPhoto.aspx?PoslanecID=948&ImageWidth=140,http://www.nrsr.sk/web/Default.aspx?sid=poslanci/poslanec&PoslanecID=948&CisObdobia=7,948,7
Martin,Kotleba,Martin Kotleba,Kotleba - Ľudová strana Naše Slovensko,1978-03-12,Banská Bystrica,Ing.,slovenská,Banskobystrický,martin_kotleba@nrsr.sk,"",http://www.nrsr.sk/web/dynamic/PoslanecPhoto.aspx?PoslanecID=949&ImageWidth=140,http://www.nrsr.sk/web/Default.aspx?sid=poslanci/poslanec&PoslanecID=949&CisObdobia=7,949,7
Stanislav,Drobný,Stanislav Drobný,Kotleba - Ľudová strana Naše Slovensko,1970-06-10,Piešťany,Bc.,slovenská,Trnavský,stanislav_drobny@nrsr.sk,"",http://www.nrsr.sk/web/dynamic/PoslanecPhoto.aspx?PoslanecID=951&ImageWidth=140,http://www.nrsr.sk/web/Default.aspx?sid=poslanci/poslanec&PoslanecID=951&CisObdobia=7,951,7
Ján,Kecskés,Ján Kecskés,Kotleba - Ľudová strana Naše Slovensko,1989-09-18,Nitra,Bc.,slovenská,Nitriansky,jan_kecskes@nrsr.sk,"",http://www.nrsr.sk/web/dynamic/PoslanecPhoto.aspx?PoslanecID=953&ImageWidth=140,http://www.nrsr.sk/web/Default.aspx?sid=poslanci/poslanec&PoslanecID=953&CisObdobia=7,953,7
Stanislav,Mizík,Stanislav Mizík,Kotleba - Ľudová strana Naše Slovensko,1963-11-11,Rovné,Mgr.,slovenská,Banskobystrický,stanislav_mizik@nrsr.sk,"",http://www.nrsr.sk/web/dynamic/PoslanecPhoto.aspx?PoslanecID=954&ImageWidth=140,http://www.nrsr.sk/web/Default.aspx?sid=poslanci/poslanec&PoslanecID=954&CisObdobia=7,954,7
Peter,Krupa,Peter Krupa,Kotleba - Ľudová strana Naše Slovensko,1980-10-02,Nová Dubnica,"",slovenská,Trenčiansky,peter_krupa@nrsr.sk,"",http://www.nrsr.sk/web/dynamic/PoslanecPhoto.aspx?PoslanecID=955&ImageWidth=140,http://www.nrsr.sk/web/Default.aspx?sid=poslanci/poslanec&PoslanecID=955&CisObdobia=7,955,7
Jana,Nehézová,Jana Nehézová,Kotleba - Ľudová strana Naše Slovensko,1975-02-25,Staré Hory,Ing.,slovenská,Banskobystrický,jana_nehezova@nrsr.sk,"",http://www.nrsr.sk/web/dynamic/PoslanecPhoto.aspx?PoslanecID=956&ImageWidth=140,http://www.nrsr.sk/web/Default.aspx?sid=poslanci/poslanec&PoslanecID=956&CisObdobia=7,956,7
Eduard,Adamčík,Eduard Adamčík,#SIEŤ,1963-01-07,Košice,Ing.,slovenská,Košický,eduard_adamcik@nrsr.sk,"",http://www.nrsr.sk/web/dynamic/PoslanecPhoto.aspx?PoslanecID=957&ImageWidth=140,http://www.nrsr.sk/web/Default.aspx?sid=poslanci/poslanec&PoslanecID=957&CisObdobia=7,957,7
Katarína,Macháčková,Katarína Macháčková,#SIEŤ,1970-07-27,Prievidza,JUDr.,slovenská,Trenčiansky,katarina_machackova@nrsr.sk,"",http://www.nrsr.sk/web/dynamic/PoslanecPhoto.aspx?PoslanecID=958&ImageWidth=140,http://www.nrsr.sk/web/Default.aspx?sid=poslanci/poslanec&PoslanecID=958&CisObdobia=7,958,7
Alena,Bašistová,Alena Bašistová,#SIEŤ,1976-10-30,Košice,"doc. PhDr., PhD.",slovenská,Košický,alena_basistova@nrsr.sk,"",http://www.nrsr.sk/web/dynamic/PoslanecPhoto.aspx?PoslanecID=959&ImageWidth=140,http://www.nrsr.sk/web/Default.aspx?sid=poslanci/poslanec&PoslanecID=959&CisObdobia=7,959,7
Katarína,Cséfalvayová,Katarína Cséfalvayová,#SIEŤ,1985-04-19,Dunajská Streda,"Ing., PhD.",maďarská,Trnavský,katarina_csefalvayova@nrsr.sk,"",http://www.nrsr.sk/web/dynamic/PoslanecPhoto.aspx?PoslanecID=960&ImageWidth=140,http://www.nrsr.sk/web/Default.aspx?sid=poslanci/poslanec&PoslanecID=960&CisObdobia=7,960,7
Igor,Janckulík,Igor Janckulík,#SIEŤ,1968-08-07,Krušetnica,"",slovenská,Žilinský,igor_janckulik@nrsr.sk,"",http://www.nrsr.sk/web/dynamic/PoslanecPhoto.aspx?PoslanecID=961&ImageWidth=140,http://www.nrsr.sk/web/Default.aspx?sid=poslanci/poslanec&PoslanecID=961&CisObdobia=7,961,7
Simona,Petrík,Simona Petrík,#SIEŤ,1982-11-10,Bratislava,Mgr.,slovenská,Bratislavský,simona_petrik@nrsr.sk,"",http://www.nrsr.sk/web/dynamic/PoslanecPhoto.aspx?PoslanecID=962&ImageWidth=140,http://www.nrsr.sk/web/Default.aspx?sid=poslanci/poslanec&PoslanecID=962&CisObdobia=7,962,7
Martin,Klus,Martin Klus,Sloboda a Solidarita,1980-06-08,Banská Bystrica,"doc. PhDr., PhD. MBA",slovenská,Banskobystrický,martin_klus@nrsr.sk,"",http://www.nrsr.sk/web/dynamic/PoslanecPhoto.aspx?PoslanecID=963&ImageWidth=140,http://www.nrsr.sk/web/Default.aspx?sid=poslanci/poslanec&PoslanecID=963&CisObdobia=7,963,7
Renáta,Kaščáková,Renáta Kaščáková,Sloboda a Solidarita,1965-10-28,Trenčín,Mgr.,slovenská,Trenčiansky,renata_kascakova@nrsr.sk,"",http://www.nrsr.sk/web/dynamic/PoslanecPhoto.aspx?PoslanecID=964&ImageWidth=140,http://www.nrsr.sk/web/Default.aspx?sid=poslanci/poslanec&PoslanecID=964&CisObdobia=7,964,7
Jozef,Rajtár,Jozef Rajtár,Sloboda a Solidarita,1977-01-12,Bratislava,Dip Mgmt,slovenská,Bratislavský,jozef_rajtar@nrsr.sk,"",http://www.nrsr.sk/web/dynamic/PoslanecPhoto.aspx?PoslanecID=965&ImageWidth=140,http://www.nrsr.sk/web/Default.aspx?sid=poslanci/poslanec&PoslanecID=965&CisObdobia=7,965,7
Karol,Galek,Karol Galek,Sloboda a Solidarita,1979-07-14,Bratislava,"RNDr., MSc.",slovenská,Bratislavský,karol_galek@nrsr.sk,"",http://www.nrsr.sk/web/dynamic/PoslanecPhoto.aspx?PoslanecID=966&ImageWidth=140,http://www.nrsr.sk/web/Default.aspx?sid=poslanci/poslanec&PoslanecID=966&CisObdobia=7,966,7
Alojz,Baránik,Alojz Baránik,Sloboda a Solidarita,1954-06-13,Bratislava,JUDr.,slovenská,Bratislavský,alojz_baranik@nrsr.sk,"",http://www.nrsr.sk/web/dynamic/PoslanecPhoto.aspx?PoslanecID=967&ImageWidth=140,http://www.nrsr.sk/web/Default.aspx?sid=poslanci/poslanec&PoslanecID=967&CisObdobia=7,967,7
Miroslav,Ivan,Miroslav Ivan,Sloboda a Solidarita,1966-08-13,Banská Bystrica,Ing.,slovenská,Banskobystrický,miroslav_ivan@nrsr.sk,"",http://www.nrsr.sk/web/dynamic/PoslanecPhoto.aspx?PoslanecID=968&ImageWidth=140,http://www.nrsr.sk/web/Default.aspx?sid=poslanci/poslanec&PoslanecID=968&CisObdobia=7,968,7
Anna,Zemanová,Anna Zemanová,Sloboda a Solidarita,1959-09-12,Bratislava,RNDr.,slovenská,Bratislavský,anna_zemanova@nrsr.sk,"",http://www.nrsr.sk/web/dynamic/PoslanecPhoto.aspx?PoslanecID=969&ImageWidth=140,http://www.nrsr.sk/web/Default.aspx?sid=poslanci/poslanec&PoslanecID=969&CisObdobia=7,969,7
Vladimír,Sloboda,Vladimír Sloboda,Sloboda a Solidarita,1979-07-08,Bratislava,Ing.,slovenská,Bratislavský,vladimir_sloboda@nrsr.sk,"",http://www.nrsr.sk/web/dynamic/PoslanecPhoto.aspx?PoslanecID=970&ImageWidth=140,http://www.nrsr.sk/web/Default.aspx?sid=poslanci/poslanec&PoslanecID=970&CisObdobia=7,970,7
Branislav,Gröhling,Branislav Gröhling,Sloboda a Solidarita,1974-04-06,Bratislava,Mgr.,slovenská,Bratislavský,branislav_grohling@nrsr.sk,"",http://www.nrsr.sk/web/dynamic/PoslanecPhoto.aspx?PoslanecID=971&ImageWidth=140,http://www.nrsr.sk/web/Default.aspx?sid=poslanci/poslanec&PoslanecID=971&CisObdobia=7,971,7
Eva,Smolíková,Eva Smolíková,Slovenská národná strana,1963-12-24,Dolný Ohaj,Mgr.,slovenská,Nitriansky,eva_smolikova@nrsr.sk,"",http://www.nrsr.sk/web/dynamic/PoslanecPhoto.aspx?PoslanecID=972&ImageWidth=140,http://www.nrsr.sk/web/Default.aspx?sid=poslanci/poslanec&PoslanecID=972&CisObdobia=7,972,7
Emil,Ďurovčík,Emil Ďurovčík,SMER – sociálna demokracia,1957-08-03,Sliepkovce,Ing.,slovenská,Košický,emil_durovcik@nrsr.sk,"",http://www.nrsr.sk/web/dynamic/PoslanecPhoto.aspx?PoslanecID=973&ImageWidth=140,http://www.nrsr.sk/web/Default.aspx?sid=poslanci/poslanec&PoslanecID=973&CisObdobia=7,973,7
Martin,Nemky,Martin Nemky,SMER – sociálna demokracia,1980-03-10,Nitra,"Ing., MBA",slovenská,Nitriansky,martin_nemky@nrsr.sk,"",http://www.nrsr.sk/web/dynamic/PoslanecPhoto.aspx?PoslanecID=974&ImageWidth=140,http://www.nrsr.sk/web/Default.aspx?sid=poslanci/poslanec&PoslanecID=974&CisObdobia=7,974,7
Milan,Mazurek,Milan Mazurek,Kotleba - Ľudová strana Naše Slovensko,1994-01-24,Spišská Belá,"",slovenská,Prešovský,milan_mazurek@nrsr.sk,"",http://www.nrsr.sk/web/dynamic/PoslanecPhoto.aspx?PoslanecID=975&ImageWidth=140,http://www.nrsr.sk/web/Default.aspx?sid=poslanci/poslanec&PoslanecID=975&CisObdobia=7,975,7
Jana,Cigániková,Jana Cigániková,Sloboda a Solidarita,1983-09-15,Bratislava,Mgr.,slovenská,Bratislavský,jana_ciganikova@nrsr.sk,"",http://www.nrsr.sk/web/dynamic/PoslanecPhoto.aspx?PoslanecID=976&ImageWidth=140,http://www.nrsr.sk/web/Default.aspx?sid=poslanci/poslanec&PoslanecID=976&CisObdobia=7,976,7
Tibor,Jančula,Tibor Jančula,Slovenská národná strana,1969-06-16,Bernolákovo,"",slovenská,Bratislavský,tibor_jancula@nrsr.sk,"",http://www.nrsr.sk/web/dynamic/PoslanecPhoto.aspx?PoslanecID=978&ImageWidth=140,http://www.nrsr.sk/web/Default.aspx?sid=poslanci/poslanec&PoslanecID=978&CisObdobia=7,978,7
Irén,Sárközy,Irén Sárközy,MOST-HÍD,1970-03-02,Dunajská Streda,Ing. JUDr.,maďarská,Trnavský,iren_sarkozy@nrsr.sk,"",http://www.nrsr.sk/web/dynamic/PoslanecPhoto.aspx?PoslanecID=979&ImageWidth=140,http://www.nrsr.sk/web/Default.aspx?sid=poslanci/poslanec&PoslanecID=979&CisObdobia=7,979,7
Ján,Mora,Ján Mora,Kotleba - Ľudová strana Naše Slovensko,1984-02-13,Brezno,"","",Banskobystrický,jan_mora@nrsr.sk,"",http://www.nrsr.sk/web/dynamic/PoslanecPhoto.aspx?PoslanecID=980&ImageWidth=140,http://www.nrsr.sk/web/Default.aspx?sid=poslanci/poslanec&PoslanecID=980&CisObdobia=7,980,7
Peter,Antal,Peter Antal,MOST-HÍD,1972-07-11,Žiar nad Hronom,Mgr.,slovenská,Banskobystrický,"","",http://www.nrsr.sk/web/dynamic/PoslanecPhoto.aspx?PoslanecID=981&ImageWidth=140,http://www.nrsr.sk/web/Default.aspx?sid=poslanci/poslanec&PoslanecID=981&CisObdobia=7,981,7
Ján,Marosz,Ján Marosz,OBYČAJNÍ ĽUDIA a nezávislé osobnosti (OĽANO-NOVA),1978-06-18,"",Mgr.,slovenská,Žilinský,Jan_Marosz@nrsr.sk,"",http://www.nrsr.sk/web/dynamic/PoslanecPhoto.aspx?PoslanecID=982&ImageWidth=140,http://www.nrsr.sk/web/Default.aspx?sid=poslanci/poslanec&PoslanecID=982&CisObdobia=7,982,7
Zuzana,Zimenová,Zuzana Zimenová,#SIEŤ,1965-09-18,Šamorín,Mgr.,slovenská,Trnavský,"","",http://www.nrsr.sk/web/dynamic/PoslanecPhoto.aspx?PoslanecID=983&ImageWidth=140,http://www.nrsr.sk/web/Default.aspx?sid=poslanci/poslanec&PoslanecID=983&CisObdobia=7,983,7
