id,name,name__ko,name__cn,birth_date,party,area,phone,homepage,email,photo,term,source,end_date
ahn-cheolsoo,AHN CHEOLSOO,안철수,安哲秀,1962-01-22,국민의당,서울 노원구병,"02-788-2204, F 788-0184",http://ahncs.kr,ahncs0518@naver.com,http://www.assembly.go.kr/photo/9770896.jpg,20,https://github.com/teampopong/data-assembly,2017-04-15
kim-chongin,KIM CHONGIN,김종인,金鍾仁,1940-07-11,더불어민주당,비례대표,02-784-8870,http://kimchongin.com/,kimci404@naver.com,http://www.assembly.go.kr/photo/9771057.jpg,20,https://github.com/teampopong/data-assembly,2016-08-27
kim-jongtae,KIM JONGTAE,김종태,金鍾泰,1949-03-16,새누리당,경북 상주시군위군의성군청송군,02-784-3190,http://www.kjt3600.kr,kimjt2012@na.go.kr,http://www.assembly.go.kr/photo/9770738.jpg,20,https://github.com/teampopong/data-assembly,2016-10-28
mun-miock,MUN MIOCK,문미옥,文美玉,1968-12-20,더불어민주당,비례대표,02-784-9671,http://blog.naver.com/miockmun,miockmun@naver.com,http://www.assembly.go.kr/photo/9771062.jpg,20,https://github.com/teampopong/data-assembly,
