id,name,email,birth_date,gender,image,identifier__pombola_slug,position,identifier__shineyoureye
core_person:458,YAKUBU UMARU BARDE,uyakubu@yahoo.com,1968-08-28,male,http://www.shineyoureye.org/media_root/images/yakubu-umaru-barde,,,yakubu-umaru-barde
core_person:72,ALIYU BAHAGO AHMAN PATEGI,aliyuahmanpategi@yahoo.com,1964-12-31,"",http://www.shineyoureye.org/media_root/images/aliyu-bahago-ahman-pategi,,,aliyu-bahago-ahman-pategi
core_person:23,ABIODUN DADA AWOLEYE,abbylinkolu@yahoo.com,1970-10-01,"",http://www.shineyoureye.org/media_root/images/abiodun-dada-awoleye,,,abiodun-dada-awoleye
core_person:462,YUSUF BALA,halaalservices@yahoo.com,1975-03-22,"",http://www.shineyoureye.org/media_root/images/yusuf-bala,,,yusuf-bala
core_person:81,AMINU SHEHU SHAGARI,aminushagary@yahoo.com,1958-01-01,"",http://www.shineyoureye.org/media_root/images/aminu-shehu-shagari,,,aminu-shehu-shagari
core_person:102,AYO TAJUDEEN YUSUF,Yusuftj2003@yahoo.com,1969-08-25,"",http://www.shineyoureye.org/media_root/images/ayo-tajudeen-yusuf,,,ayo-tajudeen-yusuf
core_person:198,GONI BUKAR LAWAN,bugon2007@gmail.com,1958-01-01,"",http://www.shineyoureye.org/media_root/images/goni-bukar-lawa,,,goni-bukar-lawan
core_person:97,AWULU EZEKIEL ADAJI,"",1963-06-01,"",http://www.shineyoureye.org/media_root/images/awulu-ezekiel-adaji,,,awulu-ezekiel-adaji
core_person:107,BADAMASI AYUBA,badamasiayuba@yahoo.com,1965-01-11,"",http://www.shineyoureye.org/media_root/images/badamasi-ayuba,,,badamasi-ayuba
core_person:125,BLESSING IBIBA NSIEGBE,"",1968-01-16,"",http://www.shineyoureye.org/media_root/images/blessing-ibiba-nsiegbe,,,blessing-ibiba-nsiegbe
core_person:131,CHANCHANGI RUFAI AHMED,rachangs@yahoo.com,1977-06-15,"",http://www.shineyoureye.org/media_root/images/chanchangi-rufai-ahmed,,,chanchangi-rufai-ahmed
core_person:117,BENI BUTMAK LAR,"",1967-12-08,"",http://www.shineyoureye.org/media_root/images/beni-lar,,,beni-lar
core_person:164,EMMANUEL ISSAC UKOETE,ukoete@yahoo.com,1974-06-23,"",http://www.shineyoureye.org/media_root/images/emmanuel-issac-ukoete,,,emmanuel-issac-ukoete
core_person:176,FAMUREWA ISRAEL AJIBOLA,bolafamurewa@yahoo.com,1965-07-13,"",http://www.shineyoureye.org/media_root/images/famurewa-israel-ajibola,,,famurewa-israel-ajibola
core_person:220,IBRAHIM BABANGIDA,ibmahuta@gmail.com,1965-03-03,"",http://www.shineyoureye.org/media_root/images/ibrahim-babangida,,,ibrahim-babangida
core_person:212,HAZEEZ BABAJIDE AKINLOYE,jideakinloye@yahoo.com,1968-05-16,"",http://www.shineyoureye.org/media_root/images/hazeez-babajide-akinloye,,,hazeez-babajide-akinloye
core_person:262,KEHINDE OLUSEGUN ODENEYE,kentfola@yahoo.com,1969-10-19,"",http://www.shineyoureye.org/media_root/images/kehinde-olesegun-odeneye,,,kehinde-olusegun-odeneye
core_person:263,KENNETH ANAYO CHIKERE,"",1955-04-25,"",http://www.shineyoureye.org/media_root/images/kenneth-anayo-chikere,,,kenneth-anayo-chikere
core_person:315,MUAZU B/TUDU LAWAL,muazulawalbtuche@gmail.com,1960-08-07,"",http://www.shineyoureye.org/media_root/images/mu-azu-b-tudu-lawal,,,mu-azu-b-tudu-lawal
core_person:238,ISA HASSAN MOHAMMED,"",1964-09-30,"",http://www.shineyoureye.org/media_root/images/isa-hassan-mohammed,,,isa-hassan-mohammed
core_person:266,KHAMISU MAILANTARKI AHMED,"",1975-06-19,"",http://www.shineyoureye.org/media_root/images/khamisu-mailantarki-ahmed,,,khamisu-mailantarki-ahmed
core_person:255,JOHN DYEGH,"",1962-12-02,male,http://www.shineyoureye.org/media_root/images/john-dyeg,,,john-dyegh
core_person:284,LINUS OKORIE,"",1966-03-09,"",http://www.shineyoureye.org/media_root/images/linus-okorie,,,linus-okorie
core_person:282,LEONARD OKUWEH OGOR,okuwdi@yahoo.com,1957-06-01,"",http://www.shineyoureye.org/media_root/images/leonard-okuweh-ogor,,,leonard-okuweh-ogor
core_person:320,MUNIR BABBA DANAGUNDI,"",1962-04-30,"",http://www.shineyoureye.org/media_root/images/munir-babba-danagundi,,,munir-babba-danagundi
core_person:270,KINGSLEY OGUNDU CHINDA,"",1966-03-24,"",http://www.shineyoureye.org/media_root/images/kingsley-ogundu-chinda,,,kingsley-ogundu-chinda
core_person:302,MOHAMMAD ALI WUDIL,"",1960-10-01,"",http://www.shineyoureye.org/media_root/images/mohammed-ali-wudil,,,mohammed-ali-wudil
core_person:330,NABUNKARI MOHAMMED SA'ADU,"",1968-01-20,"",http://www.shineyoureye.org/media_root/images/nabunkari-mohammed-sa-adu,,,nabunkari-mohammed-sa-adu
core_person:335,NASSIR ALI AHMED,"",1968-06-02,"",http://www.shineyoureye.org/media_root/images/nassir-ali-ahmed,,,nassir-ali-ahmed
core_person:375,PETER OHIOZOJEH AKPATASON,"",1964-11-28,"",http://www.shineyoureye.org/media_root/images/peter-ohiozoje-akpatason,,,peter-ohiozoje-akpatason
core_person:391,SAMSON OKWU,"",1974-02-07,"",http://www.shineyoureye.org/media_root/images/samson-okwu,,,samson-okwu
core_person:388,SALIHU ADAMU SHADAFI,shadafi2008@yahoo.com,,"",http://www.shineyoureye.org/media_root/images/BOSSO-PAIKORO_-_ADAMU_SHADAFI_SALIHU.jpg,,,salihu-adamu-shadafi
core_person:311,MOHAMMED ZAKARI,lafia70@yahoo.com;lafia777@gmail.com,1970-07-07,"",http://www.shineyoureye.org/media_root/images/mohammed-zakari,,,mohammed-zakari
core_person:246,ISMAILA AHMED GADAKA,yarimagidi@yahoo.com,1963-10-27,"",http://www.shineyoureye.org/media_root/images/ismaila-ahmed-gadaka,,,ismaila-ahmed-gadaka
core_person:12,ABDULLAHI SALAME BALARABE,"",1961-03-05,"",http://www.shineyoureye.org/media_root/images/abdullahi-salame-balarabe,,,abdullahi-salame-balarabe
core_person:421,TOBY OKECHUKWU TOBY,"",1962-08-03,"",http://www.shineyoureye.org/media_root/images/toby-okechukwu-toby,,,toby-okechukwu-toby
core_person:397,SANI MOHAMMED ALIYU RANO,hon.sani.rano@nass.gov.ng,1964-12-02,"",http://www.shineyoureye.org/media_root/images/sani-mohammed-aliyu-ra,,,sani-mohammed-aliyu-rano
core_person:412,SULEIMAN YAHAYA KWANDE,"",,male,http://www.shineyoureye.org/media_root/images/Suleiman-Yahaya-Kwande.jpg,,,suleiman-yahaya-kwande
core_person:396,SANI BELLO MASHI,sabema374@gmail.com,,"",http://www.shineyoureye.org/media_root/images/Mashi-Dutsi_-_BELLO_MASHI_SANI.jpg,,,sani-bello-mashi
core_person:10,ABDULLAHI MUHAMMED WAMAKKO,"",1967-01-04,male,http://www.shineyoureye.org/media_root/images/abdullahi-muhammed-wamakk,,,abdullahi-muhammed-wamakko
core_person:394,SAMUEL OLUSEGUN WILLIAMS,seg4pelvis@yahoo.com,1959-07-25,"",http://www.shineyoureye.org/media_root/images/samuel-olusegun-williams,,,samuel-olusegun-williams
core_person:82,AMINU SULEIMAN,aminusule007@yahoo.com,1965-06-10,male,http://www.shineyoureye.org/media_root/images/aminu-suleima,,,aminu-suleiman
core_person:58,AKINADE- FIJABI SAHEED,"",1977-10-18,male,http://www.shineyoureye.org/media_root/images/akinads-fijabi-saheed,,,akinade-fijabi-saheed
core_person:101,AYO HULAYAT OMIDIRAN,ayomidiran@gmail.com,1962-11-10,female,http://www.shineyoureye.org/media_root/images/APC_-_Ayo_Omidiran.jpg,,,ayo-hulayat-omidiran
core_person:121,BETTY JOCELYNE OKAGUA-APIAFI,gracenel83@yahoo.com,1962-02-19,female,http://www.shineyoureye.org/media_root/images/betty-jocelyne-okagua-apiafi,,,betty-jocelyne-okagua-apiafi
core_person:306,MOHAMMED OGOSHI ONAWO,onawom@yahoo.com,1952-06-15,"",http://www.shineyoureye.org/media_root/images/mohammed-ogoshi-onaw,,,mohammed-ogoshi-onawo
core_person:310,MOHAMMED UMARU BAGO,mohammedbago@yahoo.com,1974-02-22,male,http://www.shineyoureye.org/media_root/images/mohammed-umaru-bag,,,mohammed-umaru-bago
core_person:423,TUKUR AMIRUDDIN,amirutukuridris@yahoo.com,1972-08-21,male,http://www.shineyoureye.org/media_root/images/tukur-amiruddi,,,tukur-amiruddin
core_person:334,NASIRU ZANGON DAURA SANI,nazdaura@yahoo.com,1968-01-23,"",http://www.shineyoureye.org/media_root/images/nasiru-zangon-daura-sani,,,nasiru-zangon-daura-sani
core_person:390,SALISU SULEIMAN SALISCO,sssalisco@yahoo.com;suleimansalisco77@gmail.com,,male,http://www.shineyoureye.org/media_root/images/Kaita-Jibia_-_suleiman_salisu.jpg,,,salisu-salisco
core_person:434,UMAR BUBA JIBRIL,umarjibril57@gmail.com,1960-11-22,"",http://www.shineyoureye.org/media_root/images/umar-buba-jibril,,,umar-buba-jibril
core_person:291,MALLE IBRAHIM AMINU,aminumalle1969@gmail.com,1969-09-23,"",http://www.shineyoureye.org/media_root/images/malle-ibrahim-aminu,,,malle-ibrahim-aminu
core_person:14,ABDULMUMIN JIBRIN,Abdulmumunijibrin.houseofreps@yahoo.com,1976-09-09,male,http://www.shineyoureye.org/media_root/images/abdulmumin-jibri,,,abdulmumin-jibrin
core_person:249,JAGABA ADAMS JAGABA,jagba.adams@yahoo.com,1960-10-04,"",http://www.shineyoureye.org/media_root/images/jagaba-adams-jagaba,,,jagaba-adams-jagaba
core_person:178,FEMI GBAJABIAMILA,fhgbaja@yahoo.com;femigbaja1@gmail.com,1962-06-25,"",http://www.shineyoureye.org/media_root/images/APC_-_Femi_Gbajabiamila.jpg,,,femi-gbajabiamila
core_person:415,SYLVESTER O OGBAGA,"",1961-07-18,male,http://www.shineyoureye.org/media_root/images/sylvester-o-ogbaga,,,sylvester-o-ogbaga
core_person:340,NNENNA IJEOMA ELENDU-UKEJE,"",1969-10-24,female,http://www.shineyoureye.org/media_root/images/nnenna-ijeoma-ukeje,,,nnenna-ijeoma-elendu-ukeje
core_person:369,PALLY ISUMAFE OBOKHUAIME IRIASE,"",1955-01-19,"",http://www.shineyoureye.org/media_root/images/pally-isumafe-obokhuaime-iriase,,,pally-isumafe-obokhuaime-iriase
core_person:175,JAMES ABIODUN FALEKE,jamesfaleke.jf@gmail.com,1959-12-25,male,http://www.shineyoureye.org/media_root/images/falake-james-abiodu,,,james-abiodun-faleke
core_person:338,NKIRUKA ONYEJEOCHA,Nkey_bobo@yahoo.co.uk,1969-11-23,"",http://www.shineyoureye.org/media_root/images/nkiruka-onyejeocha,,,nkiruka-onyejeocha
core_person:71,ALIYU A.A. SHEHU,"",1965-01-01,"",http://www.shineyoureye.org/media_root/images/aliyu-a-a-shehu,,,aliyu-a-a-shehu
core_person:570,Lynda Chuba-Ikpeazu,"",1966-06-22,"",http://www.shineyoureye.org/media_root/images/Anambra_-_Lynda_Chuba-Ikpeazu_PDP.jpg,,,lynda-chuba-ikpeazu
core_person:188,GARBA DATTI MUHAMMAD,"",1960-10-03,"",http://www.shineyoureye.org/media_root/images/garba-datti-muhammad,,,garba-datti-muhammad
core_person:75,ALIYU SANI MADAKI,aliyumadaki@yahoo.com,1967-01-15,male,http://www.shineyoureye.org/media_root/images/aliyu-sani-madaki,,,aliyu-sani-madaki
core_person:445,UZOMA NKEM ABONTA,"",1962-01-18,"",http://www.shineyoureye.org/media_root/images/uzoma-nkem-abonta,,,uzoma-nkem-abonta
core_person:42,ADEYINKA AYANTUNJI AJAYI,goldadedayo@gmail.com,1967-03-17,"",http://www.shineyoureye.org/media_root/images/adeyinka-ayantunji-ajayi,,,adeyinka-ayantunji-ajayi
core_person:362,OLUSEGUN DOKUN ODEBUNMI,s.odebunmi@yahoo.com,1969-01-04,"",http://www.shineyoureye.org/media_root/images/olusegun-dokun-odebunmi,,,olusegun-dokun-odebunmi
core_person:417,TIJJANI JOBE ABDULKADIR,"",1970-01-02,"",http://www.shineyoureye.org/media_root/images/tijjani-jobe-abdulkadir,,,tijjani-jobe-abdulkadir
core_person:258,KABIRU MARAFA ACHIDA,"",1962-02-02,"",http://www.shineyoureye.org/media_root/images/kabiru-marafa-achida,,,kabiru-marafa-achida
core_person:457,YAKUBU DOGARA,repinfo@nassnig.org,1966-12-22,"",http://www.shineyoureye.org/media_root/images/APC_-_Yakubu_Dogara.jpg,,,yakubu-dogara
core_person:461,YUSSUFF LASUN SULAIMON,lasunyussuf@gmail.com,1960-10-04,"",http://www.shineyoureye.org/media_root/images/APC_-_Yusuf_Lasun.jpg,,,yussuff-lasun-sulaimon
core_person:325,MUSA SARKIN-ADAR KAFFE,musasarkinadar@yahoo.com,1976-05-15,"",http://www.shineyoureye.org/media_root/images/musa-sarkin-adar,,,musa-sarkin-adar-kaffe
core_person:215,HENRY ALADEINYEFA DANIEL-OFONGO,"",1969-07-19,male,http://www.shineyoureye.org/media_root/images/henry-aladeinyefa-daniel-ofong,,,henry-aladeinyefa-daniel-ofongo
core_person:5,ABBAS TAJUDEEN,tajudeenabbas@yahoo.com,1963-10-01,male,http://www.shineyoureye.org/media_root/images/abbas-tajudee,,,abbas-tajudeen
core_person:168,EMMANUEL MEMGA UDENDE,"",1960-12-30,"",http://www.shineyoureye.org/media_root/images/emmauel-memga-udende,,,emmanuel-memga-udende
core_person:308,MOHAMMED TAHIR MONGUNO,"",1967-02-12,male,http://www.shineyoureye.org/media_root/images/mohammed-tahir-mongu,,,mohammed-tahir-monguno
core_person:151,DANIEL EFFIONG ASUQUO,"",1962-05-29,male,http://www.shineyoureye.org/media_root/images/daniel-effiong-asuou,,,daniel-effiong-asuquo
core_person:73,ALIYU BETARA MUKTAR,"",1966-11-22,"",http://www.shineyoureye.org/media_root/images/aliyu-betara-muktar,,,aliyu-betara-muktar
core_person:288,MAHMUD LAWAN MAINA MAINA,"",1964-12-18,"",http://www.shineyoureye.org/media_root/images/mahmud-lawan-maina-maina,,,mahmud-lawan-maina-maina
core_person:301,MOHAMMED ALHAJI SANDA,"",1965-05-09,"",http://www.shineyoureye.org/media_root/images/mohammed-alhaji-sanda,,,mohammed-alhaji-sanda
core_person:343,NWOKOLO ONYEMECHI VICTOR,"",1964-05-20,"",http://www.shineyoureye.org/media_root/images/nwokolo-onyemechi-victor,,,nwokolo-onyemechi-victor
core_person:152,DANIEL ORITSEGBUBEMI REYEMEJU,"",1966-12-18,"",http://www.shineyoureye.org/media_root/images/daniel-oritsegbubemi-reyemeju,,,daniel-oritsegbubemi-reyemeju
core_person:92,ASADU PATRICK OZIOKOJA,hon.asadu.oziokoja@nass.gov.ng,1964-08-23,"",http://www.shineyoureye.org/media_root/images/asadu-patrick-oziokoja,,,asadu-patrick-oziokoja
core_person:366,OSSAI NICHOLAS OSSAI,"",,"",http://www.shineyoureye.org/media_root/images/Ndokwa-Ukwani_-_NICHOLAS_OSSAI_OSSAI.jpg,,,ossai-nicholas-ossai
core_person:173,EZENWA FRANCIS ONYEWUCHI,"",1968-04-02,"",http://www.shineyoureye.org/media_root/images/ezenwa-francis-onyewuchi,,,ezenwa-francis-onyewuchi
core_person:36,ADEPOJU SUNDAY ADEYEMI,askadepoju@yahoo.com,1961-11-05,"",http://www.shineyoureye.org/media_root/images/adepoju-sunday-adeyemi,,,adepoju-sunday-adeyemi
core_person:251,JERRY ALAGBASO,jyagbaso@yahoo.com,1953-09-28,male,http://www.shineyoureye.org/media_root/images/jerry-alagbas,,,jerry-alagbaso
core_person:3,ABAYOMI DAUDA KAKO ARE,kakobose@yahoo.com,1959-07-11,male,http://www.shineyoureye.org/media_root/images/abayomi-dauda-kako-are,,,abayomi-dauda-kako-are
core_person:170,ESSIEN EKPEYONG AYI,"",1956-10-14,"",http://www.shineyoureye.org/media_root/images/essien-ekpeyong-ayi,,,essien-ekpeyong-ayi
core_person:327,MUSTAPHA DAWAKI BALA,dawaki2@yahoo.com,1968-10-02,"",http://www.shineyoureye.org/media_root/images/mustapha-dawaki-bala,,,mustapha-dawaki-bala
core_person:468,ZAPHANIAH JISALO BITRUS,"",1970-04-03,"",http://www.shineyoureye.org/media_root/images/zaphaniah-jisalo-bitrus,,,zaphaniah-jisalo-bitrus
core_person:243,ISAH SALIHU BASHIR,"",1974-07-01,"",http://www.shineyoureye.org/media_root/images/isa-salihu-bashir,,,isah-salihu-bashir
core_person:123,BINTA MAIGARI BELLO,"",1971-04-01,female,http://www.shineyoureye.org/media_root/images/binta-maigari-bell,,,binta-maigari-bello
core_person:105,Baballe Bashir,bbaba77@yahoo.com,1977-06-26,"",http://www.shineyoureye.org/media_root/images/babale-bashir,,,babale-bashir
core_person:318,MUKHTARI MUHAMMAD CHIROMAWA,mun@yahoo.com,1965-01-15,"",http://www.shineyoureye.org/media_root/images/muhtari-muhammad-chiromawa,,,muhtari-muhammad-chiromawa
core_person:128,BRIGHT TAMUNO GOGO,"",1965-03-10,male,http://www.shineyoureye.org/media_root/images/bright-tamuno-gog,,,bright-tamuno-gogo
core_person:470,MUTU NICHOLAS EBOMO,nikembomo@yahoo.com,1960-06-15,male,http://www.shineyoureye.org/media_root/images/9c5236002b7aa3c51f1303e0f51bb5b3.jpg,,,mutu-nicholas-ebomo
core_person:162,EMMANUEL BARTHOLOMEW EKON,emmaekon@yahoo.com,1971-10-07,male,http://www.shineyoureye.org/media_root/images/emmanuel-bartholomew-ek,,,emmanuel-bartholomew-ekon
core_person:269,KINGSLEY SUNDAY EBANYI,"",1964-07-28,"",http://www.shineyoureye.org/media_root/images/kingsley-ebenyi,,,kingsley-sunday-ebanyi
core_person:172,EWA-HENSHAW BASSEY EKO,Basseyekowa@hotmail.com,1967-05-28,male,http://www.shineyoureye.org/media_root/images/ewa-bassey-ek,,,ewa-henshaw-bassey-eko
core_person:103,AZODO OKWUNNA EUCHARIA,azodoeucharia@yahoo.com,1961-11-03,"",http://www.shineyoureye.org/media_root/images/azodo-okwunna-eucharia,,,azodo-okwunna-eucharia
core_person:353,OJAKOVO OBORO OMAVOWAN EVELYN,"",1971-12-24,female,http://www.shineyoureye.org/media_root/images/ojakovo-omavowan-evely,,,ojakovo-omavowan-evelyn
core_person:32,ADAMU OCHEPO ENTONU,"",1965-01-09,"",http://www.shineyoureye.org/media_root/images/adamu-ochepo-entonu,,,adamu-ochepo-entonu
core_person:156,DAVID DAVEMATICS OMBUGADU EMMANUEL,dave4matics002@yahoo.com,1978-01-10,"",http://www.shineyoureye.org/media_root/images/david-davematics-ombugadu-emmanuel,,,david-davematics-ombugadu-emmanuel
core_person:694,Sopuluchukwu E. Ezeonwuka,"",,"",http://www.shineyoureye.org/media_root/images/Orumba_North-South_-_SOPULUCHUKWU_ELBERT_EZEONWUKA.jpg,,,sopuluchukwu-e-ezeonwuka
core_person:61,AKINTAYO AMERE GAFARU,gafaketayo2010@yahoo.com,1966-01-15,"",http://www.shineyoureye.org/media_root/images/akintayo-amere-gafaru,,,akintayo-amere-gafaru
core_person:257,JULIUS OLUFEMI FAKEYE,jolufak@yahoo.com,1952-06-06,"",http://www.shineyoureye.org/media_root/images/julius-olufemi-fakeye,,,julius-olufemi-fakeye
core_person:333,NASIRU SULE GARO,"",1974-01-28,"",http://www.shineyoureye.org/media_root/images/nasiru-sule-gar,,,nasiru-sule-garo
core_person:67,ALHASSAN ADO GARBA,alasadoguwa@yahoo.com,1965-08-14,male,http://www.shineyoureye.org/media_root/images/alhassan-ado-garba,,,alhassan-ado-garba
core_person:8,ABDULLAHI IDRIS GARBA,abdulgi@yahoo.com,1975-09-06,"",http://www.shineyoureye.org/media_root/images/abdullahi-idris-garba,,,abdullahi-idris-garba
core_person:277,LAWALI ANKA HASSAN,"",1969-09-01,"",http://www.shineyoureye.org/media_root/images/lawali-anka-hassa,,,lawali-anka-hassan
core_person:31,ADAMU GURAI,"",1957-08-25,"",http://www.shineyoureye.org/media_root/images/adamu-gurai,,,adamu-gurai
core_person:278,LAWAL YAHAYA GUMAU,lawalyahaya001@yahoo.com,1968-08-26,"",http://www.shineyoureye.org/media_root/images/lawal-yahaya-gumau,,,lawal-yahaya-gumau
core_person:265,KHADIJA BUKAR IBRAHIM,hon.khadija.ibrahim@nass.gov.ng,1967-01-06,"",http://www.shineyoureye.org/media_root/images/khadija-bukar-ibrahim,,,khadija-bukar-ibrahim
core_person:380,RAPHEAL UZOCHI NNANNA IGBOKWE,"",1972-06-22,"",http://www.shineyoureye.org/media_root/images/rapheal-uzochi-nnanna-igbokwe,,,rapheal-uzochi-nnanna-igbokwe
core_person:50,AHMED IDRIS MAJE,ahmedonemaje@yahoo.com,1964-06-01,"",http://www.shineyoureye.org/media_root/images/ahmed-idris,,,ahmed-idris-maje
core_person:332,NASIRU BABALLE ILA,nasirubaballe@yahoo.com,1969-07-14,"",http://www.shineyoureye.org/media_root/images/nasiru-baballe-ila,,,nasiru-baballe-ila
core_person:180,FOINGHA JEPHTHA,"",1956-03-24,"",http://www.shineyoureye.org/media_root/images/foingha-jephtha,,,foingha-jephtha
core_person:167,EMMANUEL YISA ORKER-JEV,"",1963-04-15,"",http://www.shineyoureye.org/media_root/images/emmanuel-yisa-orker-jev,,,emmanuel-yisa-orker-jev
core_person:214,HEMBE HERMAN IORWASE,"",1969-08-10,"",http://www.shineyoureye.org/media_root/images/hembe-herman-iorwase,,,hembe-herman-iorwase
core_person:59,AKINLADE ABDULKABIR ADEKUNLE ISIAQ,adekunle.akinlade@yahoo.com,1967-08-10,"",http://www.shineyoureye.org/media_root/images/akinlade-a-isiaq,,,akinlade-adekunle-isiaq
core_person:48,AHMED Babba KAITA,babbahmed@yahoo.com,,"",http://www.shineyoureye.org/media_root/images/Kankia-Ingawa-Kusada_-_AHMAD_BABBA.jpg,,,ahmed-babba-kaita
core_person:414,SUNDAY STEVE KARIMI,karimisunday@yahoo.com,1962-03-10,"",http://www.shineyoureye.org/media_root/images/sunday-steve-karim,,,sunday-steve-karim
core_person:60,AKINLAJA IRINOLA JOSEPH,"",1950-06-01,male,http://www.shineyoureye.org/media_root/images/akinlaja-iranola-josep,,,akinlaja-irinola-joseph
core_person:142,CHUKWUDI JONES VICTOR ONYERERI,"",1967-07-15,"",http://www.shineyoureye.org/media_root/images/chukwudi-jones-victor-onyereri,,,chukwudi-jones-victor-onyereri
